{"cameraMode":{"drawMode":0,"name":"Shaded","section":"Shading Mode"},"sceneLighting":true,"audioPlay":false,"sceneViewState":{"m_AlwaysRefresh":false,"showFog":true,"showSkybox":true,"showFlares":true,"showImageEffects":true,"showParticleSystems":true,"showVisualEffectGraphs":true,"m_FxEnabled":true},"in2DMode":false,"pivot":{"x":7.922329902648926,"y":0.9546756744384766,"z":0.75811767578125},"rotation":{"x":-0.22322963178157807,"y":-0.11752069741487503,"z":0.027120720595121385,"w":-0.9672819972038269},"size":28.677589416503908,"orthographic":false}